field,group,source,description,main_presence,div_presence,coords_presence,notes
ActualElapsedTime,,BTS On-Time,,always,always,never,
AIRPORT,coordinate,BTS Master Coordinate,A three character alpha-numeric code issued by the U.S. Department of Transportation which is the official designation of the airport. The airport code is not always unique to a specific airport because airport codes can change or can be reused.,never,never,always,Original BTS display name: Airport.
AIRPORT_COUNTRY_CODE_ISO,coordinate,BTS Master Coordinate,Two-character ISO Country Code for the Physical Location of the Airport.,never,never,always,Original BTS display name: AirportCountryCodeISO.
AIRPORT_COUNTRY_NAME,coordinate,BTS Master Coordinate,Country Name for the Physical Location of the Airport.,never,never,always,Original BTS display name: AirportCountryName.
AIRPORT_ID,coordinate,BTS Master Coordinate,An identification number assigned by US DOT to identify a unique airport. Use this field for airport analysis across a range of years because an airport can change its airport code and airport codes can be reused.,never,never,always,Original BTS display name: AirportID.
AIRPORT_IS_CLOSED,coordinate,BTS Master Coordinate,"Indicates if the airport is closed (1 = Yes). If yes, the airport is closed on the AirportEndDate.",never,never,always,Original BTS display name: AirportIsClosed.
AIRPORT_IS_LATEST,coordinate,BTS Master Coordinate,Indicates if this row contains the latest attributes for the Airport (1 = Yes).,never,never,always,Original BTS display name: AirportIsLatest.
AIRPORT_SEQ_ID,coordinate,BTS Master Coordinate,"An identification number assigned by US DOT to identify a unique airport at a given point of time. Airport attributes, such as airport name or coordinates, may change over time.",never,never,always,Original BTS display name: AirportSeqID.
AIRPORT_START_DATE,coordinate,BTS Master Coordinate,Start Date of Airport Attributes.,never,never,always,Original BTS display name: AirportStartDate.
AIRPORT_STATE_CODE,coordinate,BTS Master Coordinate,State Abbreviation for the Physical Location of the Airport.,never,never,always,Original BTS display name: AirportStateCode.
AIRPORT_STATE_FIPS,coordinate,BTS Master Coordinate,FIPS (Federal Information Processing Standard) State Code for the Physical Location of the Airport.,never,never,always,Original BTS display name: AirportStateFips.
AIRPORT_STATE_NAME,coordinate,BTS Master Coordinate,State Name for the Physical Location of the Airport.,never,never,always,Original BTS display name: AirportStateName.
AIRPORT_THRU_DATE,coordinate,BTS Master Coordinate,End Date of Airport Attributes (Active = NULL).,never,never,always,Original BTS display name: AirportEndDate.
AIRPORT_WAC,coordinate,BTS Master Coordinate,World Area Code for the Physical Location of the Airport.,never,never,always,Original BTS display name: AirportWac.
AIRPORT_WAC_SEQ_ID2,coordinate,BTS Master Coordinate,Unique Identifier for a World Area Code (WAC) at a given point of time for the Physical Location of the Airport. See World Area Codes support table.,never,never,always,Original BTS display name: AirportWacSeqID2.
AirTime,,BTS On-Time,,always,always,never,
ArrDel15,,BTS On-Time,,always,always,never,
ArrDelay,,BTS On-Time,,always,always,never,
ArrDelayMinutes,,BTS On-Time,,always,always,never,
ArrivalDelayGroups,,BTS On-Time,,always,always,never,
ArrTime,,BTS On-Time,,always,always,never,
ArrTimeBlk,,BTS On-Time,,always,always,never,
CancellationCode,,BTS On-Time,,always,always,never,
Cancelled,,BTS On-Time,,always,always,never,
CarrierDelay,,BTS On-Time,,always,always,never,
CITY_MARKET_ID,coordinate,BTS Master Coordinate,An identification number assigned by US DOT to identify a city market. Use this field to consolidate airports serving the same city market.,never,never,always,Original BTS display name: CityMarketID.
CITY_MARKET_SEQ_ID,coordinate,BTS Master Coordinate,An identification number assigned by US DOT to identify a city market at a given point of time. City Market attributes may change over time. For example the country associated with the city market can change over time due to geopolitical changes.,never,never,always,Original BTS display name: CityMarketSeqID.
CITY_MARKET_WAC,coordinate,BTS Master Coordinate,World Area Code for the City Market.,never,never,always,Original BTS display name: CityMarketWac.
CITY_MARKET_WAC_SEQ_ID2,coordinate,BTS Master Coordinate,Unique Identifier for a World Area Code (WAC) at a given point of time for the City Market. See World Area Codes support table.,never,never,always,Original BTS display name: CityMarketWacSeqID2.
CRSArrTime,,BTS On-Time,,always,always,never,
CRSDepTime,,BTS On-Time,,always,always,never,
CRSElapsedTime,,BTS On-Time,,always,always,never,
DayofMonth,,BTS On-Time,,always,always,never,
DayOfWeek,,BTS On-Time,,always,always,never,
DepartureDelayGroups,,BTS On-Time,,always,always,never,
DepDel15,,BTS On-Time,,always,always,never,
DepDelay,,BTS On-Time,,always,always,never,
DepDelayMinutes,,BTS On-Time,,always,always,never,
DepTime,,BTS On-Time,,always,always,never,
DepTimeBlk,,BTS On-Time,,always,always,never,
Dest,,BTS On-Time,,always,always,never,
DestAirportID,,BTS On-Time,,always,always,never,
DestAirportIsClosed,,BTS On-Time,,always,always,never,
DestAirportIsLatest,,BTS On-Time,,always,always,never,
DestAirportSeqID,,BTS On-Time,,always,always,never,
DestAirportStartDate,,BTS On-Time,,always,always,never,
DestAirportThruDate,,BTS On-Time,,always,always,never,
DestCityMarketID,,BTS On-Time,,always,always,never,
DestCityName,,BTS On-Time,,always,always,never,
DestLatitude,,BTS On-Time,,always,always,never,
DestLongitude,,BTS On-Time,,always,always,never,
DestState,,BTS On-Time,,always,always,never,
DestStateFips,,BTS On-Time,,always,always,never,
DestStateName,,BTS On-Time,,always,always,never,
DestWac,,BTS On-Time,,always,always,never,
DISPLAY_AIRPORT_CITY_NAME_FULL,coordinate,BTS Master Coordinate,Airport City Name with either U.S. State or Country.,never,never,always,Original BTS display name: AirportCityName.
DISPLAY_AIRPORT_NAME,coordinate,BTS Master Coordinate,Airport Name.,never,never,always,Original BTS display name: AirportName.
DISPLAY_CITY_MARKET_NAME_FULL,coordinate,BTS Master Coordinate,City Market Name with either U.S. State or Country.,never,never,always,Original BTS display name: CityMarketName.
Distance,,BTS On-Time,,always,always,never,
DistanceGroup,,BTS On-Time,,always,always,never,
Div1Airport,,BTS On-Time,,always,always,never,
Div1AirportID,,BTS On-Time,,always,always,never,
Div1AirportIsClosed,,BTS On-Time,,always,always,never,
Div1AirportIsLatest,,BTS On-Time,,always,always,never,
Div1AirportSeqID,,BTS On-Time,,always,always,never,
Div1AirportStartDate,,BTS On-Time,,always,always,never,
Div1AirportThruDate,,BTS On-Time,,always,always,never,
Div1Latitude,,BTS On-Time,,always,always,never,
Div1LongestGTime,,BTS On-Time,,always,always,never,
Div1Longitude,,BTS On-Time,,always,always,never,
Div1TailNum,,BTS On-Time,,always,always,never,
Div1TotalGTime,,BTS On-Time,,always,always,never,
Div1WheelsOff,,BTS On-Time,,always,always,never,
Div1WheelsOn,,BTS On-Time,,always,always,never,
Div2Airport,,BTS On-Time,,always,always,never,
Div2AirportID,,BTS On-Time,,always,always,never,
Div2AirportIsClosed,,BTS On-Time,,always,always,never,
Div2AirportIsLatest,,BTS On-Time,,always,always,never,
Div2AirportSeqID,,BTS On-Time,,always,always,never,
Div2AirportStartDate,,BTS On-Time,,always,always,never,
Div2AirportThruDate,,BTS On-Time,,always,always,never,
Div2Latitude,,BTS On-Time,,always,always,never,
Div2LongestGTime,,BTS On-Time,,always,always,never,
Div2Longitude,,BTS On-Time,,always,always,never,
Div2TailNum,,BTS On-Time,,always,always,never,
Div2TotalGTime,,BTS On-Time,,always,always,never,
Div2WheelsOff,,BTS On-Time,,always,always,never,
Div2WheelsOn,,BTS On-Time,,always,always,never,
Div3Airport,,BTS On-Time,,always,always,never,
Div3AirportID,,BTS On-Time,,always,always,never,
Div3AirportIsClosed,,BTS On-Time,,always,always,never,
Div3AirportIsLatest,,BTS On-Time,,always,always,never,
Div3AirportSeqID,,BTS On-Time,,always,always,never,
Div3AirportStartDate,,BTS On-Time,,always,always,never,
Div3AirportThruDate,,BTS On-Time,,always,always,never,
Div3Latitude,,BTS On-Time,,always,always,never,
Div3LongestGTime,,BTS On-Time,,always,always,never,
Div3Longitude,,BTS On-Time,,always,always,never,
Div3TotalGTime,,BTS On-Time,,always,always,never,
Div3WheelsOn,,BTS On-Time,,always,always,never,
DivActualElapsedTime,,BTS On-Time,,always,always,never,
DivAirportLandings,,BTS On-Time,,always,always,never,
DivArrDelay,,BTS On-Time,,always,always,never,
DivDistance,,BTS On-Time,,always,always,never,
Diverted,,BTS On-Time,,always,always,never,
DivReachedDest,,BTS On-Time,,always,always,never,
DOT_ID_Reporting_Airline,,BTS On-Time,,always,always,never,
FirstDepTime,,BTS On-Time,,always,always,never,
Flight_Number_Reporting_Airline,,BTS On-Time,,always,always,never,
FlightDate,,BTS On-Time,,always,always,never,
Flights,,BTS On-Time,,always,always,never,
IATA_CODE_Reporting_Airline,,BTS On-Time,,always,always,never,
LAT_DEGREES,coordinate,BTS Master Coordinate,"Latitude, Degrees.",never,never,always,Original BTS display name: LatDegrees.
LAT_HEMISPHERE,coordinate,BTS Master Coordinate,"Latitude, Hemisphere.",never,never,always,Original BTS display name: LatHemisphere.
LAT_MINUTES,coordinate,BTS Master Coordinate,"Latitude, Minutes.",never,never,always,Original BTS display name: LatMinutes.
LAT_SECONDS,coordinate,BTS Master Coordinate,"Latitude, Seconds.",never,never,always,Original BTS display name: LatSeconds.
LateAircraftDelay,,BTS On-Time,,always,always,never,
LATITUDE,coordinate,BTS Master Coordinate,Latitude.,never,never,always,Original BTS display name: Latitude.
LON_DEGREES,coordinate,BTS Master Coordinate,"Longitude, Degrees.",never,never,always,Original BTS display name: LonDegrees.
LON_HEMISPHERE,coordinate,BTS Master Coordinate,"Longitude, Hemisphere.",never,never,always,Original BTS display name: LonHemisphere.
LON_MINUTES,coordinate,BTS Master Coordinate,"Longitude, Minutes.",never,never,always,Original BTS display name: LonMinutes.
LON_SECONDS,coordinate,BTS Master Coordinate,"Longitude, Seconds.",never,never,always,Original BTS display name: LonSeconds.
LongestAddGTime,,BTS On-Time,,always,always,never,
LONGITUDE,coordinate,BTS Master Coordinate,Longitude.,never,never,always,Original BTS display name: Longitude.
Month,,BTS On-Time,,always,always,never,
NASDelay,,BTS On-Time,,always,always,never,
Origin,,BTS On-Time,,always,always,never,
OriginAirportID,,BTS On-Time,,always,always,never,
OriginAirportIsClosed,,BTS On-Time,,always,always,never,
OriginAirportIsLatest,,BTS On-Time,,always,always,never,
OriginAirportSeqID,,BTS On-Time,,always,always,never,
OriginAirportStartDate,,BTS On-Time,,always,always,never,
OriginAirportThruDate,,BTS On-Time,,always,always,never,
OriginCityMarketID,,BTS On-Time,,always,always,never,
OriginCityName,,BTS On-Time,,always,always,never,
OriginLatitude,,BTS On-Time,,always,always,never,
OriginLongitude,,BTS On-Time,,always,always,never,
OriginState,,BTS On-Time,,always,always,never,
OriginStateFips,,BTS On-Time,,always,always,never,
OriginStateName,,BTS On-Time,,always,always,never,
OriginWac,,BTS On-Time,,always,always,never,
Quarter,,BTS On-Time,,always,always,never,
Reporting_Airline,,BTS On-Time,,always,always,never,
SecurityDelay,,BTS On-Time,,always,always,never,
Tail_Number,,BTS On-Time,,always,always,never,
TaxiIn,,BTS On-Time,,always,always,never,
TaxiOut,,BTS On-Time,,always,always,never,
TotalAddGTime,,BTS On-Time,,always,always,never,
UTC_LOCAL_TIME_VARIATION,coordinate,BTS Master Coordinate,Time Zone at the Airport.,never,never,always,Original BTS display name: UTCLocalTimeVariation.
WeatherDelay,,BTS On-Time,,always,always,never,
WheelsOff,,BTS On-Time,,always,always,never,
WheelsOn,,BTS On-Time,,always,always,never,
Year,,BTS On-Time,,always,always,never,
